{
    // Use IntelliSense to learn about possible attributes.
    // Hover to view descriptions of existing attributes.
    // For more information, visit: https://go.microsoft.com/fwlink/?linkid=830387
    "version": "0.2.0",
    "configurations": [
        {
            "type": "robotframework-lsp",
            "name": "Robot Framework: Launch template",
            "request": "launch",
            "cwd": "${workspaceFolder}",
            "target": "${file}",
            "terminal": "none",
            "env": {},
            "args": ["-W", "180"]
        }
    ]
}